term,coefficient,p_value,significant_05
ar.S.L12,-0.09754557367674449,0.0461012738881673,True
ma.S.L12,-0.5590326986710773,1.4176771233050524e-55,True
