,coefficient,p_value,significant_05
ar.L1,1.0017635982025583,0.0,True
ma.L1,-0.9487885838401691,0.0,True
sigma2,0.0005546865812278267,9.463029659549396e-211,True
