term,coefficient,p_value,significant_05
ma.S.L12,-0.9593353552673629,8.623588512734825e-187,True
