,coefficient,p_value,significant_05
ar.L1,0.9994366088407298,0.0,True
ma.L1,-0.9573939476637692,0.0,True
sigma2,0.0024263901578152904,1.9282391057674074e-111,True
